<ImportExportXml xmlns:xsi="http://www.w3.org/2001/XMLSchema-instance">
  <Entities></Entities>
  <Roles></Roles>
  <Workflows>
    <Workflow WorkflowId="{46ac046d-33b2-ed11-83fd-0022485d187d}" Name="TestFlowInp">
      <JsonFileName>/Workflows/TestFlowInp-46AC046D-33B2-ED11-83FD-0022485D187D.json</JsonFileName>
      <Type>1</Type>
      <Subprocess>0</Subprocess>
      <Category>5</Category>
      <Mode>0</Mode>
      <Scope>4</Scope>
      <OnDemand>0</OnDemand>
      <TriggerOnCreate>0</TriggerOnCreate>
      <TriggerOnDelete>0</TriggerOnDelete>
      <AsyncAutodelete>0</AsyncAutodelete>
      <SyncWorkflowLogOnFailure>0</SyncWorkflowLogOnFailure>
      <StateCode>1</StateCode>
      <StatusCode>2</StatusCode>
      <RunAs>1</RunAs>
      <IsTransacted>1</IsTransacted>
      <IntroducedVersion>1.0.0.0</IntroducedVersion>
      <IsCustomizable>1</IsCustomizable>
      <BusinessProcessType>0</BusinessProcessType>
      <IsCustomProcessingStepAllowedForOtherPublishers>1</IsCustomProcessingStepAllowedForOtherPublishers>
      <PrimaryEntity>none</PrimaryEntity>
      <LocalizedNames>
        <LocalizedName languagecode="1033" description="TestFlowInp" />
      </LocalizedNames>
    </Workflow>
  </Workflows>
  <FieldSecurityProfiles></FieldSecurityProfiles>
  <Templates />
  <EntityMaps />
  <EntityRelationships />
  <OrganizationSettings />
  <optionsets />
  <CustomControls />
  <AppModuleSiteMaps>
    <AppModuleSiteMap>
      <SiteMapUniqueName>cr181_HackPPSceAppSol</SiteMapUniqueName>
      <EnableCollapsibleGroups>False</EnableCollapsibleGroups>
      <ShowHome>True</ShowHome>
      <ShowPinned>True</ShowPinned>
      <ShowRecents>True</ShowRecents>
      <SiteMap IntroducedVersion="7.0.0.0">
        <Area Id="area_f61aa1d7" ResourceId="SitemapDesigner.NewTitle" DescriptionResourceId="SitemapDesigner.NewTitle" ShowGroups="true" IntroducedVersion="7.0.0.0">
          <Titles>
            <Title LCID="1033" Title="Area1" />
          </Titles>
          <Group Id="group_0f2f387a" ResourceId="SitemapDesigner.NewGroup" DescriptionResourceId="SitemapDesigner.NewGroup" IntroducedVersion="7.0.0.0" IsProfile="false" ToolTipResourseId="SitemapDesigner.Unknown">
            <Titles>
              <Title LCID="1033" Title="Group1" />
            </Titles>
            <SubArea Id="subarea_c623d8da" ResourceId="SitemapDesigner.NewSubArea" Icon="/_imgs/imagestrips/transparent_spacer.gif" Client="All,Outlook,OutlookLaptopClient,OutlookWorkstationClient,Web" AvailableOffline="true" PassParams="false" Sku="All,OnPremise,Live,SPLA">
              <Titles>
                <Title LCID="1033" Title="Subarea1" />
              </Titles>
            </SubArea>
            <SubArea Id="subarea_65fd9620" Icon="/_imgs/imagestrips/transparent_spacer.gif" Client="All,Outlook,OutlookLaptopClient,OutlookWorkstationClient,Web" AvailableOffline="true" PassParams="false" Sku="All,OnPremise,Live,SPLA" Page="cr181_pgapproverview_d011b">
              <Titles>
                <Title LCID="1033" Title="pgApprOverview" />
              </Titles>
            </SubArea>
            <SubArea Id="subarea_56b83ff2" Icon="/_imgs/imagestrips/transparent_spacer.gif" Client="All,Outlook,OutlookLaptopClient,OutlookWorkstationClient,Web" AvailableOffline="true" PassParams="false" Sku="All,OnPremise,Live,SPLA" Page="cr181_pgmain_b5cd3">
              <Titles>
                <Title LCID="1033" Title="PgImpOverview" />
              </Titles>
            </SubArea>
            <SubArea Id="subarea_23c3aa55" Icon="/_imgs/imagestrips/transparent_spacer.gif" Client="All,Outlook,OutlookLaptopClient,OutlookWorkstationClient,Web" AvailableOffline="true" PassParams="false" Sku="All,OnPremise,Live,SPLA" Page="cr181_pgmanageimps_56576">
              <Titles>
                <Title LCID="1033" Title="PgImpWizard" />
              </Titles>
            </SubArea>
          </Group>
        </Area>
      </SiteMap>
      <LocalizedNames>
        <LocalizedName description="HackPPSceAppSol" languagecode="1033" />
      </LocalizedNames>
    </AppModuleSiteMap>
  </AppModuleSiteMaps>
  <AppModules>
    <AppModule>
      <UniqueName>cr181_HackPPSceAppSol</UniqueName>
      <IntroducedVersion>1.0.0.0</IntroducedVersion>
      <WebResourceId>953b9fac-1e5e-e611-80d6-00155ded156f</WebResourceId>
      <OptimizedFor></OptimizedFor>
      <statecode>0</statecode>
      <statuscode>1</statuscode>
      <FormFactor>1</FormFactor>
      <ClientType>4</ClientType>
      <NavigationType>0</NavigationType>
      <AppModuleComponents>
        <AppModuleComponent type="62" schemaName="cr181_HackPPSceAppSol" />
      </AppModuleComponents>
      <AppModuleRoleMaps>
        <Role id="{627090ff-40a3-4053-8790-584edc5be201}" />
        <Role id="{119f245c-3cc8-4b62-b31c-d1a046ced15d}" />
      </AppModuleRoleMaps>
      <LocalizedNames>
        <LocalizedName description="HackPPSceAppSol" languagecode="1033" />
      </LocalizedNames>
      <Descriptions>
        <Description description="Fully implemented solution" languagecode="1033" />
      </Descriptions>
      <appelements>
        <appelement uniquename="cr181_cr181_HackPPSceAppSol_canvasappid_cr181_pgapproverview_d011b">
          <canvasappid>
            <name>cr181_pgapproverview_d011b</name>
          </canvasappid>
          <iscustomizable>1</iscustomizable>
          <name>cr181_cr181_HackPPSceAppSol_canvasappid_cr181_pgapproverview_d011b</name>
        </appelement>
        <appelement uniquename="cr181_cr181_HackPPSceAppSol_canvasappid_cr181_pgmain_b5cd3">
          <canvasappid>
            <name>cr181_pgmain_b5cd3</name>
          </canvasappid>
          <iscustomizable>1</iscustomizable>
          <name>cr181_cr181_HackPPSceAppSol_canvasappid_cr181_pgmain_b5cd3</name>
        </appelement>
        <appelement uniquename="cr181_cr181_HackPPSceAppSol_canvasappid_cr181_pgmanageimps_56576">
          <canvasappid>
            <name>cr181_pgmanageimps_56576</name>
          </canvasappid>
          <iscustomizable>1</iscustomizable>
          <name>cr181_cr181_HackPPSceAppSol_canvasappid_cr181_pgmanageimps_56576</name>
        </appelement>
      </appelements>
    </AppModule>
  </AppModules>
  <EntityDataProviders />
  <CanvasApps>
    <CanvasApp>
      <Name>cr181_pgapproverview_d011b</Name>
      <AppVersion>2023-02-20T12:12:35Z</AppVersion>
      <Status>Ready</Status>
      <CreatedByClientVersion>3.23021.21.0</CreatedByClientVersion>
      <MinClientVersion>3.23021.21.0</MinClientVersion>
      <Tags>{"primaryDeviceWidth":"1366","primaryDeviceHeight":"768","supportsPortrait":"true","supportsLandscape":"true","primaryFormFactor":"Tablet","publisherVersion":"3.23021.21","minimumRequiredApiVersion":"2.2.0","hasComponent":"false","hasUnlockedComponent":"false","isUnifiedRootApp":"false","sienaVersion":"20230219T172606Z-3.23021.21.0"}</Tags>
      <IsCdsUpgraded>0</IsCdsUpgraded>
      <GalleryItemId xsi:nil="true"></GalleryItemId>
      <BackgroundColor>RGBA(0,176,240,1)</BackgroundColor>
      <DisplayName>pgApprOverview</DisplayName>
      <Description xsi:nil="true"></Description>
      <CommitMessage xsi:nil="true"></CommitMessage>
      <Publisher xsi:nil="true"></Publisher>
      <AuthorizationReferences>[]</AuthorizationReferences>
      <ConnectionReferences>{}</ConnectionReferences>
      <DatabaseReferences>{"default.cds":{"databaseDetails":{"referenceType":"Environmental","environmentName":"default.cds","overrideValues":{"status":"NotSpecified"}},"dataSources":{"IMP_CO2_CONS_RAW_HDR":{"entitySetName":"hackpp_sceapp_imp_co2_cons_raw_hdrs","logicalName":"hackpp_sceapp_imp_co2_cons_raw_hdr"}}}}</DatabaseReferences>
      <AppComponents>[]</AppComponents>
      <AppComponentDependencies>[]</AppComponentDependencies>
      <CanConsumeAppPass>1</CanConsumeAppPass>
      <CanvasAppType>2</CanvasAppType>
      <BypassConsent>0</BypassConsent>
      <AdminControlBypassConsent>0</AdminControlBypassConsent>
      <EmbeddedApp xsi:nil="true"></EmbeddedApp>
      <IntroducedVersion>1.0</IntroducedVersion>
      <CdsDependencies>{"cdsdependencies":[{"logicalname":"hackpp_sceapp_imp_co2_cons_raw_hdr","componenttype":1}]}</CdsDependencies>
      <IsCustomizable>1</IsCustomizable>
      <BackgroundImageUri>/CanvasApps/cr181_pgapproverview_d011b_BackgroundImageUri</BackgroundImageUri>
      <DocumentUri>/CanvasApps/cr181_pgapproverview_d011b_DocumentUri.msapp</DocumentUri>
    </CanvasApp>
    <CanvasApp>
      <Name>cr181_pgmanageimps_56576</Name>
      <AppVersion>2023-03-04T07:23:36Z</AppVersion>
      <Status>Ready</Status>
      <CreatedByClientVersion>3.23023.21.0</CreatedByClientVersion>
      <MinClientVersion>3.23023.21.0</MinClientVersion>
      <Tags>{"primaryDeviceWidth":"1366","primaryDeviceHeight":"768","supportsPortrait":"true","supportsLandscape":"true","primaryFormFactor":"Tablet","publisherVersion":"3.23023.21","minimumRequiredApiVersion":"2.2.0","hasComponent":"false","hasUnlockedComponent":"false","isUnifiedRootApp":"false","sienaVersion":"20230227T173100Z-3.23022.25.0"}</Tags>
      <IsCdsUpgraded>0</IsCdsUpgraded>
      <GalleryItemId xsi:nil="true"></GalleryItemId>
      <BackgroundColor>RGBA(0,176,240,1)</BackgroundColor>
      <DisplayName>PgManageImps</DisplayName>
      <Description xsi:nil="true"></Description>
      <CommitMessage xsi:nil="true"></CommitMessage>
      <Publisher xsi:nil="true"></Publisher>
      <AuthorizationReferences>[]</AuthorizationReferences>
      <ConnectionReferences>{"6fa71c70-4f58-425d-8f8b-650ba2d07f0d":{"id":"/providers/microsoft.powerapps/apis/shared_logicflows","displayName":"Logic flows","iconUri":"https://connectoricons-prod.azureedge.net/releases/v1.0.1615/1.0.1615.3163/logicflows/icon.png","dataSources":["TestFlowInp"],"dependencies":["a1cb7d0a-ab12-4c65-8c35-abb35e10b552"],"dependents":[],"parameterHints":{"workflowName":{"value":"eb1618ef-9e8a-4be1-8914-e8fd327826f3"},"workflowEntityId":{"value":"46ac046d-33b2-ed11-83fd-0022485d187d"},"a1cb7d0a-ab12-4c65-8c35-abb35e10b552":{"value":"shared_commondataserviceforapps"}},"parameterHintsV2":{"workflowName":{"value":"eb1618ef-9e8a-4be1-8914-e8fd327826f3"},"workflowEntityId":{"value":"46ac046d-33b2-ed11-83fd-0022485d187d"},"shared_commondataserviceforapps":{"value":"a1cb7d0a-ab12-4c65-8c35-abb35e10b552"}},"isOnPremiseConnection":false,"bypassConsent":false,"dataSets":{},"apiTier":"Standard","actions":["Run"]},"a1cb7d0a-ab12-4c65-8c35-abb35e10b552":{"id":"/providers/microsoft.powerapps/apis/shared_commondataserviceforapps","displayName":"Microsoft Dataverse","iconUri":"https://connectoricons-prod.azureedge.net/releases/v1.0.1618/1.0.1618.3179/commondataserviceforapps/icon.png","dataSources":[],"dependencies":[],"dependents":["6fa71c70-4f58-425d-8f8b-650ba2d07f0d"],"parameterHints":{},"parameterHintsV2":{},"isOnPremiseConnection":false,"bypassConsent":false,"dataSets":{},"apiTier":"Premium"}}</ConnectionReferences>
      <DatabaseReferences>{"default.cds":{"databaseDetails":{"referenceType":"Environmental","environmentName":"default.cds","overrideValues":{"status":"NotSpecified"}},"dataSources":{"IMP_CO2_CONS_RAW_HDR":{"entitySetName":"hackpp_sceapp_imp_co2_cons_raw_hdrs","logicalName":"hackpp_sceapp_imp_co2_cons_raw_hdr"},"IMP_USERS":{"entitySetName":"hackpp_sceapp_imp_users","logicalName":"hackpp_sceapp_imp_user"}}}}</DatabaseReferences>
      <AppComponents>[]</AppComponents>
      <AppComponentDependencies>[]</AppComponentDependencies>
      <CanConsumeAppPass>1</CanConsumeAppPass>
      <CanvasAppType>2</CanvasAppType>
      <BypassConsent>0</BypassConsent>
      <AdminControlBypassConsent>0</AdminControlBypassConsent>
      <EmbeddedApp xsi:nil="true"></EmbeddedApp>
      <IntroducedVersion>1.0</IntroducedVersion>
      <CdsDependencies>{"cdsdependencies":[{"logicalname":"hackpp_sceapp_imp_co2_cons_raw_hdr","componenttype":1},{"logicalname":"hackpp_sceapp_imp_user","componenttype":1}]}</CdsDependencies>
      <IsCustomizable>1</IsCustomizable>
      <BackgroundImageUri>/CanvasApps/cr181_pgmanageimps_56576_BackgroundImageUri</BackgroundImageUri>
      <DocumentUri>/CanvasApps/cr181_pgmanageimps_56576_DocumentUri.msapp</DocumentUri>
    </CanvasApp>
    <CanvasApp>
      <Name>cr181_pgmain_b5cd3</Name>
      <AppVersion>2023-02-24T19:15:24Z</AppVersion>
      <Status>Ready</Status>
      <CreatedByClientVersion>3.23022.25.0</CreatedByClientVersion>
      <MinClientVersion>3.23022.25.0</MinClientVersion>
      <Tags>{"primaryDeviceWidth":"1366","primaryDeviceHeight":"768","supportsPortrait":"true","supportsLandscape":"true","primaryFormFactor":"Tablet","publisherVersion":"3.23022.25","minimumRequiredApiVersion":"2.2.0","hasComponent":"false","hasUnlockedComponent":"false","isUnifiedRootApp":"false","sienaVersion":"20230219T165157Z-3.23021.21.0"}</Tags>
      <IsCdsUpgraded>0</IsCdsUpgraded>
      <GalleryItemId xsi:nil="true"></GalleryItemId>
      <BackgroundColor>RGBA(0,176,240,1)</BackgroundColor>
      <DisplayName>PgMain</DisplayName>
      <Description xsi:nil="true"></Description>
      <CommitMessage xsi:nil="true"></CommitMessage>
      <Publisher xsi:nil="true"></Publisher>
      <AuthorizationReferences>[]</AuthorizationReferences>
      <ConnectionReferences>{}</ConnectionReferences>
      <DatabaseReferences>{"default.cds":{"databaseDetails":{"referenceType":"Environmental","environmentName":"default.cds","overrideValues":{"status":"NotSpecified"}},"dataSources":{"IMP_CO2_CONS_RAW_HDR":{"entitySetName":"hackpp_sceapp_imp_co2_cons_raw_hdrs","logicalName":"hackpp_sceapp_imp_co2_cons_raw_hdr"},"IMP_USERS":{"entitySetName":"hackpp_sceapp_imp_users","logicalName":"hackpp_sceapp_imp_user"}}}}</DatabaseReferences>
      <AppComponents>[]</AppComponents>
      <AppComponentDependencies>[]</AppComponentDependencies>
      <CanConsumeAppPass>1</CanConsumeAppPass>
      <CanvasAppType>2</CanvasAppType>
      <BypassConsent>0</BypassConsent>
      <AdminControlBypassConsent>0</AdminControlBypassConsent>
      <EmbeddedApp xsi:nil="true"></EmbeddedApp>
      <IntroducedVersion>1.0</IntroducedVersion>
      <CdsDependencies>{"cdsdependencies":[{"logicalname":"hackpp_sceapp_imp_co2_cons_raw_hdr","componenttype":1},{"logicalname":"hackpp_sceapp_imp_user","componenttype":1}]}</CdsDependencies>
      <IsCustomizable>1</IsCustomizable>
      <BackgroundImageUri>/CanvasApps/cr181_pgmain_b5cd3_BackgroundImageUri</BackgroundImageUri>
      <DocumentUri>/CanvasApps/cr181_pgmain_b5cd3_DocumentUri.msapp</DocumentUri>
    </CanvasApp>
  </CanvasApps>
  <connectionreferences>
    <connectionreference connectionreferencelogicalname="new_sharedcommondataserviceforapps_c512d">
      <connectionreferencedisplayname>Microsoft Dataverse Default-c512d</connectionreferencedisplayname>
      <connectorid>/providers/Microsoft.PowerApps/apis/shared_commondataserviceforapps</connectorid>
      <iscustomizable>1</iscustomizable>
      <statecode>0</statecode>
      <statuscode>1</statuscode>
    </connectionreference>
  </connectionreferences>
  <Languages>
    <Language>1033</Language>
  </Languages>
</ImportExportXml>