<ImportExportXml version="9.2.23022.166" SolutionPackageVersion="9.2" languagecode="1033" generatedBy="CrmLive" xmlns:xsi="http://www.w3.org/2001/XMLSchema-instance">
  <SolutionManifest>
    <UniqueName>HackPPSceApp</UniqueName>
    <LocalizedNames>
      <LocalizedName description="HackPPSceApp" languagecode="1033" />
    </LocalizedNames>
    <Descriptions />
    <Version>24.0.0.0</Version>
    <Managed>0</Managed>
    <Publisher>
      <UniqueName>DefaultPublisherorga6a88c5b</UniqueName>
      <LocalizedNames>
        <LocalizedName description="Default Publisher for orga6a88c5b" languagecode="1033" />
      </LocalizedNames>
      <Descriptions>
        <Description description="Default publisher for this organization" languagecode="1033" />
      </Descriptions>
      <EMailAddress xsi:nil="true"></EMailAddress>
      <SupportingWebsiteUrl xsi:nil="true"></SupportingWebsiteUrl>
      <CustomizationPrefix>new</CustomizationPrefix>
      <CustomizationOptionValuePrefix>10000</CustomizationOptionValuePrefix>
      <Addresses>
        <Address>
          <AddressNumber>1</AddressNumber>
          <AddressTypeCode xsi:nil="true"></AddressTypeCode>
          <City xsi:nil="true"></City>
          <County xsi:nil="true"></County>
          <Country xsi:nil="true"></Country>
          <Fax xsi:nil="true"></Fax>
          <FreightTermsCode xsi:nil="true"></FreightTermsCode>
          <ImportSequenceNumber xsi:nil="true"></ImportSequenceNumber>
          <Latitude xsi:nil="true"></Latitude>
          <Line1 xsi:nil="true"></Line1>
          <Line2 xsi:nil="true"></Line2>
          <Line3 xsi:nil="true"></Line3>
          <Longitude xsi:nil="true"></Longitude>
          <Name xsi:nil="true"></Name>
          <PostalCode xsi:nil="true"></PostalCode>
          <PostOfficeBox xsi:nil="true"></PostOfficeBox>
          <PrimaryContactName xsi:nil="true"></PrimaryContactName>
          <ShippingMethodCode xsi:nil="true"></ShippingMethodCode>
          <StateOrProvince xsi:nil="true"></StateOrProvince>
          <Telephone1 xsi:nil="true"></Telephone1>
          <Telephone2 xsi:nil="true"></Telephone2>
          <Telephone3 xsi:nil="true"></Telephone3>
          <TimeZoneRuleVersionNumber xsi:nil="true"></TimeZoneRuleVersionNumber>
          <UPSZone xsi:nil="true"></UPSZone>
          <UTCOffset xsi:nil="true"></UTCOffset>
          <UTCConversionTimeZoneCode xsi:nil="true"></UTCConversionTimeZoneCode>
        </Address>
        <Address>
          <AddressNumber>2</AddressNumber>
          <AddressTypeCode xsi:nil="true"></AddressTypeCode>
          <City xsi:nil="true"></City>
          <County xsi:nil="true"></County>
          <Country xsi:nil="true"></Country>
          <Fax xsi:nil="true"></Fax>
          <FreightTermsCode xsi:nil="true"></FreightTermsCode>
          <ImportSequenceNumber xsi:nil="true"></ImportSequenceNumber>
          <Latitude xsi:nil="true"></Latitude>
          <Line1 xsi:nil="true"></Line1>
          <Line2 xsi:nil="true"></Line2>
          <Line3 xsi:nil="true"></Line3>
          <Longitude xsi:nil="true"></Longitude>
          <Name xsi:nil="true"></Name>
          <PostalCode xsi:nil="true"></PostalCode>
          <PostOfficeBox xsi:nil="true"></PostOfficeBox>
          <PrimaryContactName xsi:nil="true"></PrimaryContactName>
          <ShippingMethodCode xsi:nil="true"></ShippingMethodCode>
          <StateOrProvince xsi:nil="true"></StateOrProvince>
          <Telephone1 xsi:nil="true"></Telephone1>
          <Telephone2 xsi:nil="true"></Telephone2>
          <Telephone3 xsi:nil="true"></Telephone3>
          <TimeZoneRuleVersionNumber xsi:nil="true"></TimeZoneRuleVersionNumber>
          <UPSZone xsi:nil="true"></UPSZone>
          <UTCOffset xsi:nil="true"></UTCOffset>
          <UTCConversionTimeZoneCode xsi:nil="true"></UTCConversionTimeZoneCode>
        </Address>
      </Addresses>
    </Publisher>
    <RootComponents>
      <RootComponent type="29" id="{46ac046d-33b2-ed11-83fd-0022485d187d}" behavior="0" />
      <RootComponent type="62" schemaName="cr181_HackPPSceAppSol" behavior="0" />
      <RootComponent type="80" schemaName="cr181_HackPPSceAppSol" behavior="0" />
      <RootComponent type="300" schemaName="cr181_pgapproverview_d011b" behavior="0" />
      <RootComponent type="300" schemaName="cr181_pgmain_b5cd3" behavior="0" />
      <RootComponent type="300" schemaName="cr181_pgmanageimps_56576" behavior="0" />
    </RootComponents>
    <MissingDependencies>
      <MissingDependency>
        <Required type="1" schemaName="hackpp_sceapp_imp_co2_cons_raw_hdr" displayName="IMP_CO2_CONS_RAW_HDR" solution="Active" />
        <Dependent type="29" displayName="TestFlowInp" id="{46ac046d-33b2-ed11-83fd-0022485d187d}" />
      </MissingDependency>
      <MissingDependency>
        <Required type="1" schemaName="hackpp_sceapp_imp_co2_cons_raw_hdr" displayName="IMP_CO2_CONS_RAW_HDR" solution="Active" />
        <Dependent type="300" schemaName="cr181_pgapproverview_d011b" displayName="pgApprOverview" />
      </MissingDependency>
      <MissingDependency>
        <Required type="1" schemaName="hackpp_sceapp_imp_co2_cons_raw_hdr" displayName="IMP_CO2_CONS_RAW_HDR" solution="Active" />
        <Dependent type="300" schemaName="cr181_pgmain_b5cd3" displayName="PgMain" />
      </MissingDependency>
      <MissingDependency>
        <Required type="1" schemaName="hackpp_sceapp_imp_co2_cons_raw_hdr" displayName="IMP_CO2_CONS_RAW_HDR" solution="Active" />
        <Dependent type="300" schemaName="cr181_pgmanageimps_56576" displayName="PgManageImps" />
      </MissingDependency>
      <MissingDependency>
        <Required type="1" schemaName="hackpp_sceapp_imp_user" displayName="IMP_USER" solution="Active" />
        <Dependent type="29" displayName="TestFlowInp" id="{46ac046d-33b2-ed11-83fd-0022485d187d}" />
      </MissingDependency>
      <MissingDependency>
        <Required type="1" schemaName="hackpp_sceapp_imp_user" displayName="IMP_USER" solution="Active" />
        <Dependent type="300" schemaName="cr181_pgmain_b5cd3" displayName="PgMain" />
      </MissingDependency>
      <MissingDependency>
        <Required type="1" schemaName="hackpp_sceapp_imp_user" displayName="IMP_USER" solution="Active" />
        <Dependent type="300" schemaName="cr181_pgmanageimps_56576" displayName="PgManageImps" />
      </MissingDependency>
      <MissingDependency>
        <Required type="61" schemaName="msdyn_/Images/AppModule_Default_Icon.png" displayName="msdyn_/Images/AppModule_Default_Icon.png" solution="AppModuleWebResources (2.5)" />
        <Dependent type="80" schemaName="cr181_HackPPSceAppSol" displayName="HackPPSceAppSol" />
      </MissingDependency>
    </MissingDependencies>
  </SolutionManifest>
</ImportExportXml>