{
  "properties": {
    "connectionReferences": {
      "shared_commondataserviceforapps": {
        "runtimeSource": "embedded",
        "connection": {
          "connectionReferenceLogicalName": "new_sharedcommondataserviceforapps_c512d"
        },
        "api": {
          "name": "shared_commondataserviceforapps"
        }
      }
    },
    "definition": {
      "$schema": "https://schema.management.azure.com/providers/Microsoft.Logic/schemas/2016-06-01/workflowdefinition.json#",
      "contentVersion": "1.0.0.0",
      "parameters": {
        "$connections": {
          "defaultValue": {},
          "type": "Object"
        },
        "$authentication": {
          "defaultValue": {},
          "type": "SecureObject"
        }
      },
      "triggers": {
        "manual": {
          "metadata": {
            "operationMetadataId": "aeea5ed2-5fce-4624-b2f7-089ed57d7e6c"
          },
          "type": "Request",
          "kind": "PowerApp",
          "inputs": {
            "schema": {
              "type": "object",
              "properties": {
                "Listrows_Filterrows": {
                  "type": "string",
                  "description": "Enter an OData style filter expression to limit which rows are listed. This parameter is used as part of \"E0772A32-6B6E-480E-AEA9-EB341A378289\"",
                  "x-ms-powerflows-param-ispartial": true
                },
                "Addanewrow_CST_IMP_YEAR": {
                  "type": "integer"
                },
                "Addanewrow_CST_IMP_DESC": {
                  "type": "string"
                }
              },
              "required": [
                "Listrows_Filterrows",
                "Addanewrow_CST_IMP_YEAR",
                "Addanewrow_CST_IMP_DESC"
              ]
            }
          }
        }
      },
      "actions": {
        "List_rows": {
          "runAfter": {
            "Initialize_variable": [
              "Succeeded"
            ]
          },
          "metadata": {
            "operationMetadataId": "81a81181-13ad-4968-8489-fc2aafdcfed0"
          },
          "type": "OpenApiConnection",
          "inputs": {
            "host": {
              "connectionName": "shared_commondataserviceforapps",
              "operationId": "ListRecords",
              "apiId": "/providers/Microsoft.PowerApps/apis/shared_commondataserviceforapps"
            },
            "parameters": {
              "entityName": "hackpp_sceapp_imp_users",
              "$filter": "hackpp_sceapp_cst_username eq '@{triggerBody()['Listrows_Filterrows']}'",
              "$top": 1
            },
            "authentication": {
              "type": "Raw",
              "value": "@json(decodeBase64(triggerOutputs().headers['X-MS-APIM-Tokens']))['$ConnectionKey']"
            }
          }
        },
        "Respond_to_a_PowerApp_or_flow": {
          "runAfter": {
            "Apply_to_each": [
              "Succeeded"
            ]
          },
          "metadata": {
            "operationMetadataId": "6c0be8a7-0fb0-457d-9e6f-128a5c7b7497"
          },
          "type": "Response",
          "kind": "PowerApp",
          "inputs": {
            "statusCode": 200,
            "body": {
              "returnedval": "@variables('UserId')"
            },
            "schema": {
              "type": "object",
              "properties": {
                "returnedval": {
                  "title": "returnedval",
                  "x-ms-dynamically-added": true,
                  "type": "string"
                }
              }
            }
          }
        },
        "Initialize_variable": {
          "runAfter": {},
          "metadata": {
            "operationMetadataId": "5c7e2de5-5793-4820-be50-75486379b96a"
          },
          "type": "InitializeVariable",
          "inputs": {
            "variables": [
              {
                "name": "UserId",
                "type": "string"
              }
            ]
          }
        },
        "Apply_to_each": {
          "foreach": "@outputs('List_rows')?['body/value']",
          "actions": {
            "Add_a_new_row": {
              "runAfter": {},
              "metadata": {
                "operationMetadataId": "f7c1214e-b967-4f83-bc05-69af074c242e"
              },
              "type": "OpenApiConnection",
              "inputs": {
                "host": {
                  "connectionName": "shared_commondataserviceforapps",
                  "operationId": "CreateRecord",
                  "apiId": "/providers/Microsoft.PowerApps/apis/shared_commondataserviceforapps"
                },
                "parameters": {
                  "entityName": "hackpp_sceapp_imp_co2_cons_raw_hdrs",
                  "item/hackpp_sceapp_cst_imp_code": "@null",
                  "item/cr181_cst_imp_desc": "@triggerBody()['Addanewrow_CST_IMP_DESC']",
                  "item/cr181_cst_imp_state": 2,
                  "item/hackpp_sceapp_cst_imp_ts": "@utcNow()",
                  "item/HACKPP_SCEAPP_CST_IMP_USERNAME@odata.bind": "hackpp_sceapp_imp_users(@{items('Apply_to_each')?['hackpp_sceapp_imp_userid']})",
                  "item/hackpp_sceapp_cst_imp_year": "@triggerBody()['Addanewrow_CST_IMP_YEAR']"
                },
                "authentication": {
                  "type": "Raw",
                  "value": "@json(decodeBase64(triggerOutputs().headers['X-MS-APIM-Tokens']))['$ConnectionKey']"
                }
              }
            },
            "Set_variable": {
              "runAfter": {
                "Add_a_new_row": [
                  "Succeeded"
                ]
              },
              "metadata": {
                "operationMetadataId": "d79618ee-0885-4a49-864b-546988f376e8"
              },
              "type": "SetVariable",
              "inputs": {
                "name": "UserId",
                "value": "@outputs('Add_a_new_row')?['body/hackpp_sceapp_cst_imp_code']"
              }
            }
          },
          "runAfter": {
            "List_rows": [
              "Succeeded"
            ]
          },
          "metadata": {
            "operationMetadataId": "7d42eb92-ff13-4c81-9a54-7706177b64c7"
          },
          "type": "Foreach"
        }
      }
    },
    "templateName": ""
  },
  "schemaVersion": "1.0.0.0"
}